,,客   運   人   數  (人 次)   Passengers Carried  (Passenger),,,,,延      人      公      里  (人 公 里)     Passenger-Kilometers  (Passenger-Km),,,,
年    月    別,,總       計,自  強  號,莒  光  號,區 間 列 車,普  通  車,總       計,自  強  號,莒  光  號,區 間 列 車,普  通  車
Year  &  Month,,,,,,,,,,,
,,Grand  Total,Tze-Chiang,Chu-Kuang,Local  Train,Ordinary  Train,Grand  Total,Tze-Chiang,Chu-Kuang,Local  Train,Ordinary  Train
民 國 108 年,2019,"236,151,449","36,367,014","5,455,303","194,264,145","64,987","11,045,601,171","5,080,330,336","600,953,288","5,360,417,299","3,900,248"
,,,,,,,,,,,
            1     月,Jan.,"19,529,195","2,886,925","394,755","16,241,059","6,456","869,639,073","394,594,035","40,831,304","433,859,205","354,529"
            2     月,Feb.,"19,002,601","3,093,977","475,316","15,428,373","4,935","913,026,981","422,758,462","52,324,602","437,717,876","226,041"
            3     月,Mar.,"20,165,018","3,046,654","449,328","16,663,906","5,130","917,561,807","408,778,432","46,856,087","461,615,383","311,905"
,,,,,,,,,,,
            4     月,Apr.,"20,067,487","3,080,653","490,856","16,492,583","3,395","939,740,473","424,211,234","53,403,420","461,884,505","241,314"
            5     月,May,"19,223,512","2,877,599","434,769","15,907,306","3,838","883,215,927","400,192,405","47,735,587","434,961,663","326,272"
            6     月,June,"18,980,868","3,025,489","467,727","15,484,892","2,760","918,017,949","430,217,475","52,817,341","434,802,197","180,936"
,,,,,,,,,,,
            7     月,July,"19,509,476","3,257,455","470,002","15,777,886","4,133","964,327,701","474,405,775","54,801,996","434,760,741","359,189"
            8     月,Aug.,"19,116,679","3,202,027","451,461","15,457,964","5,227","942,858,894","460,982,603","52,124,671","429,440,713","310,907"
            9     月,Sep.,"19,144,283","2,923,470","450,650","15,761,118","9,045","904,342,959","413,202,908","50,152,044","440,700,808","287,199"
,,,,,,,,,,,
            10     月,Oct.,"20,537,788","2,994,462","463,852","17,071,119","8,355","940,036,210","420,393,085","51,105,685","468,098,660","438,780"
            11     月,Nov.,"20,076,579","2,945,412","454,853","16,669,529","6,785","916,794,689","410,660,707","49,699,365","455,894,740","539,877"
            12     月,Dec.,"20,797,963","3,032,891","451,734","17,308,410","4,928","936,038,508","419,933,215","49,101,186","466,680,808","323,299"
,,,,,,,,,,,
民 國 109 年,2020,"203,520,929 ","30,272,561 ","4,104,665 ","169,077,043 ","66,660 ","9,314,223,782 ","4,263,005,633 ","467,846,773 ","4,578,931,612 ","4,439,764 "
,,,,,,,,,,,
            1     月 ,Jan.,"19,456,096 ","3,177,732 ","478,009 ","15,796,263 ","4,092 ","943,151,535 ","449,426,384 ","56,054,378 ","437,443,321 ","227,452 "
            2     月 ,Feb.,"15,246,902 ","2,228,032 ","269,996 ","12,745,361 ","3,513 ","677,638,379 ","308,173,828 ","28,523,439 ","340,753,407 ","187,705 "
            3     月 ,Mar.,"14,987,108 ","1,883,287 ","238,309 ","12,863,588 ","1,924 ","614,781,723 ","254,245,772 ","24,550,778 ","335,907,369 ","77,804 "
,,,,,,,,,,,
            4     月 ,Apr.,"12,841,295 ","1,600,325 ","206,766 ","11,032,942 ","1,262 ","530,003,328 ","219,735,839 ","22,043,118 ","288,155,883 ","68,488 "
            5     月 ,May,"15,081,166 ","2,017,138 ","252,801 ","12,809,995 ","1,232 ","643,311,343 ","274,653,178 ","25,994,968 ","342,584,974 ","78,223 "
            6     月 ,June,"16,640,222 ","2,510,798 ","333,331 ","13,793,120 ","2,973 ","768,723,519 ","353,873,774 ","36,717,810 ","377,930,150 ","201,785 "
,,,,,,,,,,,
            7     月 ,July,"17,920,938 ","2,881,962 ","377,472 ","14,657,481 ","4,023 ","867,413,500 ","420,053,195 ","45,115,380 ","401,801,507 ","443,418 "
            8     月 ,Aug.,"18,069,035 ","3,101,621 ","430,615 ","14,532,747 ","4,052 ","917,836,940 ","457,339,838 ","55,997,052 ","404,141,261 ","358,789 "
            9     月 ,Sep.,"17,328,669 ","2,609,222 ","347,126 ","14,369,137 ","3,184 ","800,326,410 ","374,424,082 ","40,788,208 ","384,894,360 ","219,760 "
,,,,,,,,,,,
            10     月 ,Oct.,"18,995,871 ","2,966,468 ","430,280 ","15,592,876 ","6,247 ","907,963,038 ","423,258,461 ","50,320,125 ","433,978,736 ","405,716 "
            11     月 ,Nov.,"18,333,542 ","2,707,504 ","376,009 ","15,240,488 ","9,541 ","835,279,541 ","378,397,927 ","42,145,432 ","413,946,985 ","789,197 "
            12     月 ,Dec.,"18,620,085 ","2,588,472 ","363,951 ","15,643,045 ","24,617 ","807,794,526 ","349,423,355 ","39,596,085 ","417,393,659 ","1,381,427 "
民 國 110 年,2021,"154,927,066 ","23,762,751 ","3,008,469 ","128,118,556 ","37,290 ","7,030,029,605 ","3,248,041,511 ","318,953,610 ","3,459,204,625 ","3,829,859 "
,,,,,,,,,,,
            1     月 ,Jan.,"16,378,727 ","2,446,881 ","310,918 ","13,620,727 ",201 ,"735,471,677 ","340,743,869 ","33,964,230 ","360,750,121 ","13,457 "
            2     月 ,Feb.,"15,313,939 ","2,526,884 ","360,546 ","12,426,323 ",186 ,"745,477,989 ","358,862,428 ","41,244,337 ","345,348,543 ","22,681 "
            3     月 ,Mar.,"17,994,402 ","2,619,653 ","337,807 ","15,036,233 ",709 ,"796,879,336 ","359,446,966 ","35,728,927 ","401,529,484 ","173,959 "
,,,,,,,,,,,
            4     月 ,Apr.,"18,045,990 ","2,679,506 ","383,339 ","14,983,062 ",83 ,"824,990,755 ","373,235,705 ","42,461,558 ","409,292,575 ",917 
            5     月 ,May,"10,140,571 ","1,504,480 ","205,014 ","8,431,036 ",41 ,"442,285,896 ","199,839,343 ","20,438,061 ","222,007,497 ",995 
            6     月 ,June,"3,476,302 ","436,580 ","68,540 ","2,971,168 ",14 ,"125,318,695 ","47,207,733 ","4,384,103 ","73,726,394 ",465 
,,,,,,,,,,,
            7     月 ,July,"5,075,570 ","829,033 ","105,765 ","4,140,755 ",17 ,"213,290,483 ","99,492,347 ","7,415,358 ","106,382,009 ",769 
            8     月 ,Aug.,"9,127,991 ","1,490,060 ","158,156 ","7,479,712 ",63 ,"422,708,776 ","201,825,195 ","16,278,502 ","204,602,918 ","2,161 "
            9     月 ,Sep.,"11,511,313 ","1,818,460 ","198,372 ","9,494,429 ",52 ,"520,846,531 ","249,609,668 ","21,404,227 ","249,830,576 ","2,060 "
,,,,,,,,,,,
            10     月 ,Oct.,"14,784,404 ","2,353,848 ","278,603 ","12,131,811 ","20,142 ","689,444,342 ","322,156,954 ","30,225,695 ","335,087,225 ","1,974,468 "
            11     月 ,Nov.,"15,696,105 ","2,409,194 ","281,518 ","13,005,286 ",107 ,"717,096,082 ","331,414,932 ","30,280,253 ","355,392,998 ","7,899 "
            12     月 ,Dec.,"17,381,752 ","2,648,172 ","319,891 ","14,398,014 ","15,675 ","796,219,043 ","364,206,371 ","35,128,359 ","395,254,285 ","1,630,028 "
民 國 111 年,2022,"170,254,450 ","28,462,859 ","2,073,957 ","139,663,732 ","53,902 ","7,967,819,812 ","3,941,310,636 ","234,070,181 ","3,786,907,433 ","5,531,562 "
,,,,,,,,,,,
            1     月 ,Jan.,"13,847,853 ","2,241,386 ","223,276 ","11,383,001 ",190 ,"639,959,990 ","313,448,015 ","24,966,895 ","301,531,888 ","13,192 "
            2     月 ,Feb.,"12,613,028 ","2,210,733 ","235,281 ","10,166,594 ",420 ,"621,034,729 ","315,080,798 ","27,182,781 ","278,724,784 ","46,366 "
            3     月 ,Mar.,"16,141,256 ","2,441,613 ","248,281 ","13,450,558 ",804 ,"723,046,040 ","339,047,334 ","27,445,104 ","356,416,262 ","137,340 "
,,,,,,,,,,,
            4     月 ,Apr.,"13,162,348 ","2,122,776 ","228,658 ","10,780,780 ","30,134 ","624,278,940 ","304,130,136 ","26,598,924 ","290,597,369 ","2,952,511 "
            5     月 ,May,"9,330,717 ","1,355,582 ","135,694 ","7,839,389 ",52 ,"408,785,550 ","187,071,181 ","14,169,446 ","207,537,283 ","7,640 "
            6     月 ,June,"10,548,931 ","1,743,292 ","163,110 ","8,642,481 ",48 ,"493,255,103 ","245,159,577 ","17,300,480 ","230,787,907 ","7,139 "
,,,,,,,,,,,
            7     月 ,July,"13,857,341 ","2,713,830 ","141,315 ","11,002,163 ",33 ,"706,597,359 ","387,949,285 ","16,696,180 ","301,947,128 ","4,766 "
            8     月 ,Aug.,"15,253,461 ","2,939,139 ","152,801 ","12,161,435 ",86 ,"782,044,547 ","428,770,504 ","18,734,858 ","334,524,492 ","14,693 "
            9     月 ,Sep.,"14,895,604 ","2,533,037 ","141,763 ","12,200,792 ","20,012 ","707,297,006 ","352,727,283 ","16,751,290 ","335,852,417 ","1,966,016 "
,,,,,,,,,,,
            10     月 ,Oct.,"16,012,935 ","2,643,695 ","145,818 ","13,221,886 ","1,536 ","732,903,097 ","348,719,623 ","16,221,417 ","367,740,519 ","221,538 "
            11     月 ,Nov.,"16,815,460 ","2,622,135 ","123,748 ","14,069,286 ",291 ,"736,071,051 ","341,104,880 ","14,100,885 ","380,794,690 ","70,596 "
            12     月 ,Dec.,"17,775,516 ","2,895,641 ","134,212 ","14,745,367 ",296 ,"792,546,400 ","378,102,020 ","13,901,921 ","400,452,694 ","89,765 "
民 國 112 年,2023,"219,308,388","37,708,215","1,565,522","179,950,076","84,575","10,299,797,952","5,189,585,477","168,216,786","4,934,466,827","7,528,862"
,,,,,,,,,,,
            1     月 ,Jan.,"17,228,176","3,188,910","158,868","13,880,398",-,"851,908,790","446,278,009","17,169,106","388,461,675",-
            2     月 ,Feb.,"16,760,067","2,865,492","139,746","13,734,827","20,002","789,291,819","391,445,846","14,685,187","381,196,783","1,964,003"
            3     月 ,Mar.,"17,984,844","2,863,527","133,682","14,987,634",1,"805,414,528","388,618,122","14,126,245","402,670,114",47
,,,,,,,,,,,
            4     月 ,Apr.,"18,274,320","3,213,270","160,254","14,900,796",-,"885,413,450","444,354,684","17,345,293","423,713,473",-
            5     月 ,May,"17,786,053","3,022,154","115,083","14,648,815",1,"817,180,110","408,169,565","12,272,288","396,738,159",98
            6     月 ,June,"17,065,389","3,106,172","117,391","13,841,826",-,"822,750,250","429,502,322","12,952,270","380,295,658",-
,,,,,,,,,,,
            7     月 ,July,"17,477,767","3,266,937","117,206","14,043,624","50,000","865,539,313","461,182,673","13,186,587","386,260,053","4,910,000"
            8     月 ,Aug.,"18,274,528","3,360,670","117,510","14,796,348",-,"894,777,991","476,347,818","12,750,770","405,679,403",-
            9     月 ,Sep.,"18,151,603","2,935,704","108,631","15,107,268",-,"820,094,539","400,405,478","11,463,190","408,225,871",-
,,,,,,,,,,,
            10     月 ,Oct.,"19,759,694","3,301,865","130,955","16,326,874",-,"923,541,458","455,919,287","14,149,795","453,472,376",-
            11     月 ,Nov.,"19,635,979","3,172,041","124,109","16,339,529",300,"883,315,843","429,691,032","13,151,032","440,453,439","20,340"
            12     月 ,Dec.,"20,909,968","3,411,473","142,087","17,342,137","14,271","940,569,861","457,670,641","14,965,023","467,299,823","634,374"
民 國 113 年,2024,"237,070,271","39,851,312","1,459,119","195,709,840","50,000","10,791,380,719","5,364,827,765","150,725,511","5,270,917,443","4,910,000"
,,,,,,,,,,,
            1     月 ,Jan.,"19,516,241","3,227,515","121,589","16,117,137","50,000","881,661,963","436,851,065","13,075,048","426,825,850","4,910,000"
            2     月 ,Feb.,"19,120,047","3,428,532","142,428","15,549,087",-,"921,265,802","472,262,236","15,324,365","433,679,201",-
            3     月 ,Mar.,"20,743,300","3,380,281","144,350","17,218,669",-,"936,252,234","456,413,866","15,230,795","464,607,573",-
,,,,,,,,,,,
            4     月 ,Apr.,"19,569,575","3,153,315","134,398","16,281,862",-,"880,473,509","422,032,325","14,380,812","444,060,372",-
            5     月 ,May,"20,078,807","3,152,793","120,393","16,805,621",-,"882,279,995","418,706,379","12,353,575","451,220,041",-
            6     月 ,June,"19,269,546","3,323,255","124,407","15,821,884",-,"900,096,353","453,338,155","13,104,902","433,653,296",-
,,,,,,,,,,,
            7     月 ,July,"17,997,566","3,140,256","88,887","14,768,423",-,"829,371,346","424,871,435","8,983,594","395,516,317",-
            8     月 ,Aug.,"20,011,511","3,615,067","111,650","16,284,794",-,"946,664,116","496,258,138","11,239,455","439,166,523",-
            9     月 ,Sep.,"19,478,990","3,355,414","116,774","16,006,802",-,"894,962,557","452,832,096","11,646,461","430,484,000",-
,,,,,,,,,,,
            10     月 ,Oct.,"18,824,418","3,081,161","106,381","15,636,876",-,"837,805,559","409,139,457","10,586,984","418,079,118",-
            11     月 ,Nov.,"20,614,458","3,399,852","119,537","17,095,069",-,"917,103,848","450,770,864","11,953,308","454,379,676",-
            12     月 ,Dec.,"21,845,812","3,593,871","128,325","18,123,616",-,"963,443,437","471,351,749","12,846,212","479,245,476",-
民 國114年,2025,"242,772,738","39,806,648","1,429,092","201,536,997",,,,,,
,,,,,,,,,,,
                1              月,Jan.,"20,271,771","3,625,562","123,740","16,522,469",,,,,,
                2              月,Feb.,"18,968,877","3,207,694","114,958","15,646,225",,,,,,
                3              月,Mar.,"21,188,824","3,508,371","124,075","17,556,378",,,,,,
,,,,,,,,,,,
                4              月,Apr.,"21,092,782","3,543,420","138,081","17,411,280",,,,,,
                5              月,May,"21,370,227","3,546,202","139,666","17,684,359",,,,,,
                6              月,June,"19,735,889","3,252,758","117,226","16,365,905",,,,,,
,,,,,,,,,,,
                7              月,July,"18,646,786","3,039,096","99,496","15,508,194",,,,,,
                8              月,Aug.,"19,994,150","3,389,019","114,668","16,490,463",,,,,,
                9              月,Sep.,"19,355,356","2,925,104","100,757","16,329,495",,,,,,
,,,,,,,,,,,
                10              月,Oct.,"20,885,142","3,550,642","131,743","17,202,757",,,,,,
                11              月,Nov.,"20,129,177","3,036,889","114,298","16,977,990",,,,,,
                12              月,Dec.,"21,133,757","3,181,891","110,384","17,841,482",,,,,,
,,,,,,,,,,,
,,,,,,,,,,,
